Company,Website,City,Specialization
Aptita Consulting Partners,https://www.aptita.com,Bangalore,Executive Search
Benchire,https://www.benchire.com,Bangalore,Startup Hiring
Blue Ocean Ventures,https://www.blueoceanventures.com,Mumbai,Recruitment Services
Brainhunter India,https://www.brainhunter.com,Delhi,IT Staffing
Bridge Group Solutions,https://www.bridgegroupsolutions.com,Pune,Workforce Solutions
Capleo Global,https://www.capleo.com,Noida,IT Recruitment
Career Marshal,https://www.careermarshal.com,Delhi,HR Consultancy
CareerXperts Consulting,https://www.careerxperts.com,Bangalore,Leadership Hiring
Cloud Visa Immigration LLP,https://www.cloudvisaimmigration.com,Ahmedabad,Overseas Recruitment
CodeForce Consulting,https://www.codeforceconsulting.com,Hyderabad,IT Staffing
Comorin Consulting,https://www.comorinconsulting.com,Chennai,Executive Search
Connexion Squad,https://www.connexionsquad.com,Bangalore,Recruitment Process Outsourcing
Covenant Consultants,https://www.covenantindia.net,Chennai,Recruitment Services
Datamatics Staffing,https://www.datamaticsindia.com,Mumbai,IT Staffing
Dishi HR Solutions,https://www.dishihr.com,Delhi,HR Solutions
EcentricHR,https://www.ecentrichr.com,Bangalore,Payroll & Staffing
Elixir Consulting,https://www.elixir-consulting.com,Mumbai,Leadership Hiring
Evoke HR Solutions,https://www.evokehr.com,Pune,Staffing Services
First Meridian,https://www.firstmeridian.com,Chennai,Workforce Management
Finesse Staffing,https://www.finessestaffing.in,Delhi,Contract Staffing
Futurz Staffing Solutions,https://www.futurzstaffing.com,Hyderabad,Recruitment Agency
Genius Consultants,https://www.geniusconsultant.com,Kolkata,Staffing & Payroll
GEP Worldwide,https://www.gep.com,Mumbai,Procurement & Workforce
Growel Softech,https://www.growelsoftech.com,Mumbai,IT Recruitment
Hector & Streak Consulting,https://www.hectorandstreak.com,Mumbai,Executive Search
Hexagon Search,https://www.hexagonsearch.com,Delhi,Senior Talent Hiring
HR Footprints,https://www.hrfootprints.com,Pune,Recruitment Services
HR Devi Talent Acquisition,https://www.hrdevi.com,Bangalore,Talent Acquisition
Hunt N Badge Consulting,https://www.huntnbadge.com,Delhi,IT Hiring
ICS Consultancy Services,https://www.icsconsultancyservices.com,Mumbai,Manpower Services
IndiaAhead Staffing,https://www.indiaaheadstaffing.com,Noida,Temporary Staffing
Indihire HR Consultants,https://www.indihire.com,Bangalore,IT Staffing
Info Edge India,https://www.infoedge.in,Noida,Recruitment Platforms
Integrated Personnel Services,https://www.ipsgroup.co.in,Mumbai,Engineering Recruitment
Iris Consultants,https://www.irisconsultants.in,Delhi,Executive Recruitment
Job Museum,https://www.jobmuseum.com,Ahmedabad,Recruitment Agency
Jobingo HR Solutions,https://www.jobingohrsolutions.com,Delhi,HR Consultancy
Jobs Territory,https://www.jobsterritory.com,Mumbai,Staffing Services
K7 HR Solutions,https://www.k7hrsolutions.com,Pune,Recruitment Services
Karma Management Global,https://www.karmamgmt.com,Delhi,Staffing & Outsourcing
KRM Global,https://www.krmglobal.in,Chennai,Recruitment Services
Ladder HR Solutions,https://www.ladderhrsolutions.com,Bangalore,IT Staffing
Larn Learning Solutions,https://www.larnlearningsolutions.com,Hyderabad,Corporate Hiring
Le Human Resources Solutions,https://www.lehrsolutions.com,Delhi,HR Services
MNR Solutions,https://www.mnrsolutions.in,Noida,Talent Acquisition
Mount Talent Consulting,https://www.mounttalent.com,Gurgaon,Recruitment Services
Mynd Solution,https://www.myndsolution.com,Gurgaon,HR & Payroll
Naukri RMS,https://www.naukrirms.com,Noida,Recruitment Solutions
NextGen Global Services,https://www.nextgenservices.co.in,Bangalore,IT Recruitment
Orbital Career,https://www.orbitalcareer.com,Pune,Recruitment Agency
Orcapod Consulting,https://www.orcapodservices.com,Bangalore,Staffing Solutions
PeopleLogic Business Solutions,https://www.peoplelogic.in,Bangalore,Tech Recruitment
Place1India HR Solutions,https://www.place1india.com,Ahmedabad,Recruitment Consultancy
Pragna Solutions,https://www.pragna.net,Hyderabad,IT Staffing
Ramsol Pvt Ltd,https://www.ramsol.co.in,Bangalore,HR Outsourcing
Right Advisors,https://www.rightadvisors.com,Delhi,Executive Search
Samit HR Services,https://www.samithrservices.com,Mumbai,HR Consultancy
Shine HR Management,https://www.shinehrmanagement.com,Delhi,Staffing Solutions
SilverPeople,https://www.silverpeople.in,Bangalore,Ecommerce Hiring
Skillventory,https://www.skillventory.com,Mumbai,Recruitment Technology
Smart Source,https://www.smartsource.co.in,Pune,Contract Staffing
Spectrum Talent Management,https://www.spectrumtalent.co.in,Noida,Recruitment Services
Staffiaa Services,https://www.staffiaa.com,Delhi,HR Consultancy
Staffing Global,https://www.staffingglobal.com,Mumbai,Temporary Staffing
Steadfast Medishield,https://www.steadfastmedishield.com,Delhi,Healthcare Staffing
Supreme Consultants,https://www.supremeconsultants.in,Chennai,Recruitment Services
Talent Leads HR Solutions,https://www.talenthrsolutions.com,Bangalore,Leadership Hiring
TalentMint Consulting,https://www.talentmint.in,Pune,Recruitment Consultancy
TeamPlus Staffing,https://www.teamplusindia.in,Chennai,Staffing Services
Techs to Suit,https://www.techstosuit.com,Hyderabad,IT Recruitment
The Search House,https://www.thesearchhouse.com,Gurgaon,Executive Search
Think People Solutions,https://www.thinkpeople.in,Mumbai,HR Consulting
V5 Global Services,https://www.v5global.com,Gurgaon,Workforce Solutions
ValueSearch India,https://www.valuesearch.in,Mumbai,Executive Hiring
Varda HR LLP,https://www.vardahr.com,Ahmedabad,Recruitment Agency
Vito India Advisors,https://www.vitoindia.com,Mumbai,Leadership Search
Webrocks HR Services,https://www.webrockshr.com,Pune,IT Staffing
White Horse Manpower,https://www.whitehorsemanpower.com,Bangalore,Technical Recruitment
Wisdom Jobs,https://www.wisdomjobs.com,Hyderabad,Recruitment Platform
Workmates Core2Cloud,https://www.workmates.in,Delhi,Staffing & Payroll
Xemplar Insights,https://www.xemplarinsights.com,Bangalore,Recruitment Analytics
Yors HR Services,https://www.yorshr.com,Mumbai,Staffing Solutions
Zen HR Solutions,https://www.zenhrsolutions.com,Chennai,HR Consultancy
Zetta Careers,https://www.zettacareers.com,Delhi,Recruitment Services
Zigsaw Consultancy,https://www.zigsaw.in,Udaipur,Remote Hiring
Ziolite Solutions,https://www.ziolite.com,Hyderabad,IT Staffing
