Company,Website,Email,Phone,City,Notes,Specialization,Yupcha Value Prop,Company Need
ManpowerGroup India,https://www.manpowergroup.co.in,enquiry@manpowergroup.com,0124-6795400,Gurgaon,Global staffing leader,,"Unified Superadmin Console for multi-database CRM tracking, candidate visibility, and automated reporting","Centralized Candidate, Attendance, and Client Management System"
Randstad India,https://www.randstad.in,manjulakshmi.p@randstad.in,040-66508000,Hyderabad,Global HR firm,,"Unified Superadmin Console for multi-database CRM tracking, candidate visibility, and automated reporting","Centralized Candidate, Attendance, and Client Management System"
GlobalHunt India,https://www.globalhunt.in,jobs@globalhunt.in,+91-120-3580000,Noida,Executive search firm,,"Unified Superadmin Console for multi-database CRM tracking, candidate visibility, and automated reporting","Centralized Candidate, Attendance, and Client Management System"
Innovsource,https://www.innovsource.com,sales@innov.in,1800-22-4456,Mumbai,Large workforce solutions,,"Unified Superadmin Console for multi-database CRM tracking, candidate visibility, and automated reporting","Centralized Candidate, Attendance, and Client Management System"
Perito Recruitment,https://www.perito.co.in,info@perito.co.in,0120-4336792,Noida,Pan-India staffing,,"Unified Superadmin Console for multi-database CRM tracking, candidate visibility, and automated reporting","Centralized Candidate, Attendance, and Client Management System"
Job Hub HR,https://jobhubhr.com,info@jobhubhr.com,+91-7349287268,Bangalore,HR consultancy,,"Unified Superadmin Console for multi-database CRM tracking, candidate visibility, and automated reporting","Centralized Candidate, Attendance, and Client Management System"
Delta Recruitment,https://www.deltarecruitmentconsultants.com,enquiry@deltarecruitmentconsultants.com,+91-250-6055700,Mumbai,Engineering staffing,,"Unified Superadmin Console for multi-database CRM tracking, candidate visibility, and automated reporting","Centralized Candidate, Attendance, and Client Management System"
Lobo Staffing,https://www.lobostaffing.com,[email protected],+91-8043009774,Bangalore,Staffing solutions,,"Unified Superadmin Console for multi-database CRM tracking, candidate visibility, and automated reporting","Centralized Candidate, Attendance, and Client Management System"
Pyramid IT Consulting,https://www.pyramidci.com,[email protected],+91-120-3883400,Noida,IT staffing,,"Unified Superadmin Console for multi-database CRM tracking, candidate visibility, and automated reporting","Centralized Candidate, Attendance, and Client Management System"
Hi Tech Informatics,https://hitechinformatics.com,,,Bangalore,IT staffing,,"Unified Superadmin Console for multi-database CRM tracking, candidate visibility, and automated reporting","Centralized Candidate, Attendance, and Client Management System"
Smash Career Solutions,,,,Cuttack,Local staffing,,"Unified Superadmin Console for multi-database CRM tracking, candidate visibility, and automated reporting","Centralized Candidate, Attendance, and Client Management System"
Head Field Solutions,,,,Noida,Recruitment firm,,"Unified Superadmin Console for multi-database CRM tracking, candidate visibility, and automated reporting","Centralized Candidate, Attendance, and Client Management System"
ABC Consultants,https://www.abcconsultants.in,,+91 98187 73666,Delhi,Top executive search,,"Unified Superadmin Console for multi-database CRM tracking, candidate visibility, and automated reporting","Centralized Candidate, Attendance, and Client Management System"
TeamLease Services,https://www.teamlease.com,,1777643013,Bangalore,Large staffing company,,"Unified Superadmin Console for multi-database CRM tracking, candidate visibility, and automated reporting","Centralized Candidate, Attendance, and Client Management System"
Quess Corp,https://www.quesscorp.com,,18005723333,Bangalore,Workforce management,,"Unified Superadmin Console for multi-database CRM tracking, candidate visibility, and automated reporting","Centralized Candidate, Attendance, and Client Management System"
Adecco India,https://www.adecco.co.in,,08068407399,Bangalore,Global staffing firm,,"Unified Superadmin Console for multi-database CRM tracking, candidate visibility, and automated reporting","Centralized Candidate, Attendance, and Client Management System"
Kelly Services India,https://www.kellyservices.co.in,,18005355901,India,HR solutions,,"Unified Superadmin Console for multi-database CRM tracking, candidate visibility, and automated reporting","Centralized Candidate, Attendance, and Client Management System"
Allegis Group,https://www.allegisgroup.com,,,India,Global staffing,,"Unified Superadmin Console for multi-database CRM tracking, candidate visibility, and automated reporting","Centralized Candidate, Attendance, and Client Management System"
GI Group India,https://www.gigroup.com,,12227100158,India,Workforce solutions,,"Unified Superadmin Console for multi-database CRM tracking, candidate visibility, and automated reporting","Centralized Candidate, Attendance, and Client Management System"
Ciel HR,https://www.cielhr.com,,+917816000111,India,Recruitment firm,,"Unified Superadmin Console for multi-database CRM tracking, candidate visibility, and automated reporting","Centralized Candidate, Attendance, and Client Management System"
PeopleStrong,https://www.peoplestrong.com,,+91-7314623098,Gurgaon,HR SaaS + staffing,,"Unified Superadmin Console for multi-database CRM tracking, candidate visibility, and automated reporting","Centralized Candidate, Attendance, and Client Management System"
NLB Services,https://www.nlbservices.com,,,India,IT staffing,,"Unified Superadmin Console for multi-database CRM tracking, candidate visibility, and automated reporting","Centralized Candidate, Attendance, and Client Management System"
US Tech Solutions,https://www.ustechsolutions.com,,,India,IT workforce,,"Unified Superadmin Console for multi-database CRM tracking, candidate visibility, and automated reporting","Centralized Candidate, Attendance, and Client Management System"
Artech Systems,https://www.artech.com,,,India,Engineering staffing,,"Unified Superadmin Console for multi-database CRM tracking, candidate visibility, and automated reporting","Centralized Candidate, Attendance, and Client Management System"
Spectraforce,https://www.spectraforce.com,,,India,Global staffing,,"Unified Superadmin Console for multi-database CRM tracking, candidate visibility, and automated reporting","Centralized Candidate, Attendance, and Client Management System"
2COMS Consulting,https://www.2coms.com,,+91 8101122022,Kolkata,HR services,,"Unified Superadmin Console for multi-database CRM tracking, candidate visibility, and automated reporting","Centralized Candidate, Attendance, and Client Management System"
TMI Group,https://www.tmigroup.co.in,,,India,Recruitment firm,,"Unified Superadmin Console for multi-database CRM tracking, candidate visibility, and automated reporting","Centralized Candidate, Attendance, and Client Management System"
Xpheno,https://www.xpheno.com,,+91-9845331138,Bangalore,Specialized hiring,,"Unified Superadmin Console for multi-database CRM tracking, candidate visibility, and automated reporting","Centralized Candidate, Attendance, and Client Management System"
Talent Corner,https://www.talentcorner.in,,+912242444002,Mumbai,Recruitment firm,,"Unified Superadmin Console for multi-database CRM tracking, candidate visibility, and automated reporting","Centralized Candidate, Attendance, and Client Management System"
Apex Services,https://www.apexservices.in,,,India,Staffing firm,,"Unified Superadmin Console for multi-database CRM tracking, candidate visibility, and automated reporting","Centralized Candidate, Attendance, and Client Management System"
Vision India,https://www.visionindiastaffing.com,,,India,Workforce solutions,,"Unified Superadmin Console for multi-database CRM tracking, candidate visibility, and automated reporting","Centralized Candidate, Attendance, and Client Management System"
CareerNet,https://www.careernet.in,,,Bangalore,Tech hiring,,"Unified Superadmin Console for multi-database CRM tracking, candidate visibility, and automated reporting","Centralized Candidate, Attendance, and Client Management System"
Zyoin Group,https://www.zyoin.com,,,Bangalore,Startup hiring,,"Unified Superadmin Console for multi-database CRM tracking, candidate visibility, and automated reporting","Centralized Candidate, Attendance, and Client Management System"
Crescendo Global,https://www.crescendo-global.com,,,India,Executive hiring,,"Unified Superadmin Console for multi-database CRM tracking, candidate visibility, and automated reporting","Centralized Candidate, Attendance, and Client Management System"
Aasaanjobs,https://www.aasaanjobs.com,,,Mumbai,Entry-level hiring,,"Unified Superadmin Console for multi-database CRM tracking, candidate visibility, and automated reporting","Centralized Candidate, Attendance, and Client Management System"
TalentPro India,https://www.talentproindia.com,,044 42123497,India,HR outsourcing,,"Unified Superadmin Console for multi-database CRM tracking, candidate visibility, and automated reporting","Centralized Candidate, Attendance, and Client Management System"
Net2Source India,https://www.net2source.com,,,India,IT staffing,,"Unified Superadmin Console for multi-database CRM tracking, candidate visibility, and automated reporting","Centralized Candidate, Attendance, and Client Management System"
Acro HR Solutions,https://www.acrocorp.com,,,India,Staffing firm,,"Unified Superadmin Console for multi-database CRM tracking, candidate visibility, and automated reporting","Centralized Candidate, Attendance, and Client Management System"
Magna Infotech,https://www.magna.in,,,Bangalore,IT staffing,,"Unified Superadmin Console for multi-database CRM tracking, candidate visibility, and automated reporting","Centralized Candidate, Attendance, and Client Management System"
Peoplefy,https://www.peoplefy.com,,,Pune,Recruitment firm,,"Unified Superadmin Console for multi-database CRM tracking, candidate visibility, and automated reporting","Centralized Candidate, Attendance, and Client Management System"
Mancer Consulting,https://www.mancerconsulting.com,,,India,Executive search,,"Unified Superadmin Console for multi-database CRM tracking, candidate visibility, and automated reporting","Centralized Candidate, Attendance, and Client Management System"
Aptita Consulting Partners,https://www.aptita.com,,+91 8655005700,Bangalore,,Executive Search,"Unified Superadmin Console for multi-database CRM tracking, candidate visibility, and automated reporting","Centralized Candidate, Attendance, and Client Management System"
Benchire,https://www.benchire.com,,,Bangalore,,Startup Hiring,"Unified Superadmin Console for multi-database CRM tracking, candidate visibility, and automated reporting","Centralized Candidate, Attendance, and Client Management System"
Blue Ocean Ventures,https://www.blueoceanventures.com,,,Mumbai,,Recruitment Services,"Unified Superadmin Console for multi-database CRM tracking, candidate visibility, and automated reporting","Centralized Candidate, Attendance, and Client Management System"
Brainhunter India,https://www.brainhunter.com,,,Delhi,,IT Staffing,"Unified Superadmin Console for multi-database CRM tracking, candidate visibility, and automated reporting","Centralized Candidate, Attendance, and Client Management System"
Bridge Group Solutions,https://www.bridgegroupsolutions.com,,+91 1244376971,Pune,,Workforce Solutions,"Unified Superadmin Console for multi-database CRM tracking, candidate visibility, and automated reporting","Centralized Candidate, Attendance, and Client Management System"
Capleo Global,https://www.capleo.com,,1777643063,Noida,,IT Recruitment,"Unified Superadmin Console for multi-database CRM tracking, candidate visibility, and automated reporting","Centralized Candidate, Attendance, and Client Management System"
Career Marshal,https://www.careermarshal.com,,,Delhi,,HR Consultancy,"Unified Superadmin Console for multi-database CRM tracking, candidate visibility, and automated reporting","Centralized Candidate, Attendance, and Client Management System"
CareerXperts Consulting,https://www.careerxperts.com,,,Bangalore,,Leadership Hiring,"Unified Superadmin Console for multi-database CRM tracking, candidate visibility, and automated reporting","Centralized Candidate, Attendance, and Client Management System"
Cloud Visa Immigration LLP,https://www.cloudvisaimmigration.com,,,Ahmedabad,,Overseas Recruitment,"Unified Superadmin Console for multi-database CRM tracking, candidate visibility, and automated reporting","Centralized Candidate, Attendance, and Client Management System"
CodeForce Consulting,https://www.codeforceconsulting.com,,,Hyderabad,,IT Staffing,"Unified Superadmin Console for multi-database CRM tracking, candidate visibility, and automated reporting","Centralized Candidate, Attendance, and Client Management System"
Comorin Consulting,https://www.comorinconsulting.com,,,Chennai,,Executive Search,"Unified Superadmin Console for multi-database CRM tracking, candidate visibility, and automated reporting","Centralized Candidate, Attendance, and Client Management System"
Connexion Squad,https://www.connexionsquad.com,,,Bangalore,,Recruitment Process Outsourcing,"Unified Superadmin Console for multi-database CRM tracking, candidate visibility, and automated reporting","Centralized Candidate, Attendance, and Client Management System"
Covenant Consultants,https://www.covenantindia.net,,+917845729969,Chennai,,Recruitment Services,"Unified Superadmin Console for multi-database CRM tracking, candidate visibility, and automated reporting","Centralized Candidate, Attendance, and Client Management System"
Datamatics Staffing,https://www.datamaticsindia.com,,,Mumbai,,IT Staffing,"Unified Superadmin Console for multi-database CRM tracking, candidate visibility, and automated reporting","Centralized Candidate, Attendance, and Client Management System"
Dishi HR Solutions,https://www.dishihr.com,,,Delhi,,HR Solutions,"Unified Superadmin Console for multi-database CRM tracking, candidate visibility, and automated reporting","Centralized Candidate, Attendance, and Client Management System"
EcentricHR,https://www.ecentrichr.com,,,Bangalore,,Payroll & Staffing,"Unified Superadmin Console for multi-database CRM tracking, candidate visibility, and automated reporting","Centralized Candidate, Attendance, and Client Management System"
Elixir Consulting,https://www.elixir-consulting.com,,,Mumbai,,Leadership Hiring,"Unified Superadmin Console for multi-database CRM tracking, candidate visibility, and automated reporting","Centralized Candidate, Attendance, and Client Management System"
Evoke HR Solutions,https://www.evokehr.com,,,Pune,,Staffing Services,"Unified Superadmin Console for multi-database CRM tracking, candidate visibility, and automated reporting","Centralized Candidate, Attendance, and Client Management System"
First Meridian,https://www.firstmeridian.com,,,Chennai,,Workforce Management,"Unified Superadmin Console for multi-database CRM tracking, candidate visibility, and automated reporting","Centralized Candidate, Attendance, and Client Management System"
Finesse Staffing,https://www.finessestaffing.in,,,Delhi,,Contract Staffing,"Unified Superadmin Console for multi-database CRM tracking, candidate visibility, and automated reporting","Centralized Candidate, Attendance, and Client Management System"
Futurz Staffing Solutions,https://www.futurzstaffing.com,,,Hyderabad,,Recruitment Agency,"Unified Superadmin Console for multi-database CRM tracking, candidate visibility, and automated reporting","Centralized Candidate, Attendance, and Client Management System"
Genius Consultants,https://www.geniusconsultant.com,,+91 6292340625,Kolkata,,Staffing & Payroll,"Unified Superadmin Console for multi-database CRM tracking, candidate visibility, and automated reporting","Centralized Candidate, Attendance, and Client Management System"
GEP Worldwide,https://www.gep.com,,,Mumbai,,Procurement & Workforce,"Unified Superadmin Console for multi-database CRM tracking, candidate visibility, and automated reporting","Centralized Candidate, Attendance, and Client Management System"
Growel Softech,https://www.growelsoftech.com,,,Mumbai,,IT Recruitment,"Unified Superadmin Console for multi-database CRM tracking, candidate visibility, and automated reporting","Centralized Candidate, Attendance, and Client Management System"
Hector & Streak Consulting,https://www.hectorandstreak.com,,,Mumbai,,Executive Search,"Unified Superadmin Console for multi-database CRM tracking, candidate visibility, and automated reporting","Centralized Candidate, Attendance, and Client Management System"
Hexagon Search,https://www.hexagonsearch.com,,,Delhi,,Senior Talent Hiring,"Unified Superadmin Console for multi-database CRM tracking, candidate visibility, and automated reporting","Centralized Candidate, Attendance, and Client Management System"
HR Footprints,https://www.hrfootprints.com,,,Pune,,Recruitment Services,"Unified Superadmin Console for multi-database CRM tracking, candidate visibility, and automated reporting","Centralized Candidate, Attendance, and Client Management System"
HR Devi Talent Acquisition,https://www.hrdevi.com,,+91,Bangalore,,Talent Acquisition,"Unified Superadmin Console for multi-database CRM tracking, candidate visibility, and automated reporting","Centralized Candidate, Attendance, and Client Management System"
Hunt N Badge Consulting,https://www.huntnbadge.com,,,Delhi,,IT Hiring,"Unified Superadmin Console for multi-database CRM tracking, candidate visibility, and automated reporting","Centralized Candidate, Attendance, and Client Management System"
ICS Consultancy Services,https://www.icsconsultancyservices.com,,,Mumbai,,Manpower Services,"Unified Superadmin Console for multi-database CRM tracking, candidate visibility, and automated reporting","Centralized Candidate, Attendance, and Client Management System"
IndiaAhead Staffing,https://www.indiaaheadstaffing.com,,,Noida,,Temporary Staffing,"Unified Superadmin Console for multi-database CRM tracking, candidate visibility, and automated reporting","Centralized Candidate, Attendance, and Client Management System"
Indihire HR Consultants,https://www.indihire.com,,,Bangalore,,IT Staffing,"Unified Superadmin Console for multi-database CRM tracking, candidate visibility, and automated reporting","Centralized Candidate, Attendance, and Client Management System"
Info Edge India,https://www.infoedge.in,,120-4841100,Noida,,Recruitment Platforms,"Unified Superadmin Console for multi-database CRM tracking, candidate visibility, and automated reporting","Centralized Candidate, Attendance, and Client Management System"
Integrated Personnel Services,https://www.ipsgroup.co.in,,07949345342,Mumbai,,Engineering Recruitment,"Unified Superadmin Console for multi-database CRM tracking, candidate visibility, and automated reporting","Centralized Candidate, Attendance, and Client Management System"
Iris Consultants,https://www.irisconsultants.in,,,Delhi,,Executive Recruitment,"Unified Superadmin Console for multi-database CRM tracking, candidate visibility, and automated reporting","Centralized Candidate, Attendance, and Client Management System"
Job Museum,https://www.jobmuseum.com,,,Ahmedabad,,Recruitment Agency,"Unified Superadmin Console for multi-database CRM tracking, candidate visibility, and automated reporting","Centralized Candidate, Attendance, and Client Management System"
Jobingo HR Solutions,https://www.jobingohrsolutions.com,,,Delhi,,HR Consultancy,"Unified Superadmin Console for multi-database CRM tracking, candidate visibility, and automated reporting","Centralized Candidate, Attendance, and Client Management System"
Jobs Territory,https://www.jobsterritory.com,,,Mumbai,,Staffing Services,"Unified Superadmin Console for multi-database CRM tracking, candidate visibility, and automated reporting","Centralized Candidate, Attendance, and Client Management System"
K7 HR Solutions,https://www.k7hrsolutions.com,,,Pune,,Recruitment Services,"Unified Superadmin Console for multi-database CRM tracking, candidate visibility, and automated reporting","Centralized Candidate, Attendance, and Client Management System"
Karma Management Global,https://www.karmamgmt.com,,+918828852762,Delhi,,Staffing & Outsourcing,"Unified Superadmin Console for multi-database CRM tracking, candidate visibility, and automated reporting","Centralized Candidate, Attendance, and Client Management System"
KRM Global,https://www.krmglobal.in,,,Chennai,,Recruitment Services,"Unified Superadmin Console for multi-database CRM tracking, candidate visibility, and automated reporting","Centralized Candidate, Attendance, and Client Management System"
Ladder HR Solutions,https://www.ladderhrsolutions.com,,,Bangalore,,IT Staffing,"Unified Superadmin Console for multi-database CRM tracking, candidate visibility, and automated reporting","Centralized Candidate, Attendance, and Client Management System"
Larn Learning Solutions,https://www.larnlearningsolutions.com,,,Hyderabad,,Corporate Hiring,"Unified Superadmin Console for multi-database CRM tracking, candidate visibility, and automated reporting","Centralized Candidate, Attendance, and Client Management System"
Le Human Resources Solutions,https://www.lehrsolutions.com,,,Delhi,,HR Services,"Unified Superadmin Console for multi-database CRM tracking, candidate visibility, and automated reporting","Centralized Candidate, Attendance, and Client Management System"
MNR Solutions,https://www.mnrsolutions.in,,+91 9289909917,Noida,,Talent Acquisition,"Unified Superadmin Console for multi-database CRM tracking, candidate visibility, and automated reporting","Centralized Candidate, Attendance, and Client Management System"
Mount Talent Consulting,https://www.mounttalent.com,,91-77770 04946,Gurgaon,,Recruitment Services,"Unified Superadmin Console for multi-database CRM tracking, candidate visibility, and automated reporting","Centralized Candidate, Attendance, and Client Management System"
Mynd Solution,https://www.myndsolution.com,,124-5064850,Gurgaon,,HR & Payroll,"Unified Superadmin Console for multi-database CRM tracking, candidate visibility, and automated reporting","Centralized Candidate, Attendance, and Client Management System"
Naukri RMS,https://www.naukrirms.com,,1777643104,Noida,,Recruitment Solutions,"Unified Superadmin Console for multi-database CRM tracking, candidate visibility, and automated reporting","Centralized Candidate, Attendance, and Client Management System"
NextGen Global Services,https://www.nextgenservices.co.in,,,Bangalore,,IT Recruitment,"Unified Superadmin Console for multi-database CRM tracking, candidate visibility, and automated reporting","Centralized Candidate, Attendance, and Client Management System"
Orbital Career,https://www.orbitalcareer.com,,,Pune,,Recruitment Agency,"Unified Superadmin Console for multi-database CRM tracking, candidate visibility, and automated reporting","Centralized Candidate, Attendance, and Client Management System"
Orcapod Consulting,https://www.orcapodservices.com,,,Bangalore,,Staffing Solutions,"Unified Superadmin Console for multi-database CRM tracking, candidate visibility, and automated reporting","Centralized Candidate, Attendance, and Client Management System"
PeopleLogic Business Solutions,https://www.peoplelogic.in,,,Bangalore,,Tech Recruitment,"Unified Superadmin Console for multi-database CRM tracking, candidate visibility, and automated reporting","Centralized Candidate, Attendance, and Client Management System"
Place1India HR Solutions,https://www.place1india.com,,+91 9725717676,Ahmedabad,,Recruitment Consultancy,"Unified Superadmin Console for multi-database CRM tracking, candidate visibility, and automated reporting","Centralized Candidate, Attendance, and Client Management System"
Pragna Solutions,https://www.pragna.net,,,Hyderabad,,IT Staffing,"Unified Superadmin Console for multi-database CRM tracking, candidate visibility, and automated reporting","Centralized Candidate, Attendance, and Client Management System"
Ramsol Pvt Ltd,https://www.ramsol.co.in,,,Bangalore,,HR Outsourcing,"Unified Superadmin Console for multi-database CRM tracking, candidate visibility, and automated reporting","Centralized Candidate, Attendance, and Client Management System"
Right Advisors,https://www.rightadvisors.com,,,Delhi,,Executive Search,"Unified Superadmin Console for multi-database CRM tracking, candidate visibility, and automated reporting","Centralized Candidate, Attendance, and Client Management System"
Samit HR Services,https://www.samithrservices.com,,,Mumbai,,HR Consultancy,"Unified Superadmin Console for multi-database CRM tracking, candidate visibility, and automated reporting","Centralized Candidate, Attendance, and Client Management System"
Shine HR Management,https://www.shinehrmanagement.com,,,Delhi,,Staffing Solutions,"Unified Superadmin Console for multi-database CRM tracking, candidate visibility, and automated reporting","Centralized Candidate, Attendance, and Client Management System"
SilverPeople,https://www.silverpeople.in,,,Bangalore,,Ecommerce Hiring,"Unified Superadmin Console for multi-database CRM tracking, candidate visibility, and automated reporting","Centralized Candidate, Attendance, and Client Management System"
Skillventory,https://www.skillventory.com,,,Mumbai,,Recruitment Technology,"Unified Superadmin Console for multi-database CRM tracking, candidate visibility, and automated reporting","Centralized Candidate, Attendance, and Client Management System"
Smart Source,https://www.smartsource.co.in,,,Pune,,Contract Staffing,"Unified Superadmin Console for multi-database CRM tracking, candidate visibility, and automated reporting","Centralized Candidate, Attendance, and Client Management System"
Spectrum Talent Management,https://www.spectrumtalent.co.in,,,Noida,,Recruitment Services,"Unified Superadmin Console for multi-database CRM tracking, candidate visibility, and automated reporting","Centralized Candidate, Attendance, and Client Management System"
Staffiaa Services,https://www.staffiaa.com,,,Delhi,,HR Consultancy,"Unified Superadmin Console for multi-database CRM tracking, candidate visibility, and automated reporting","Centralized Candidate, Attendance, and Client Management System"
Staffing Global,https://www.staffingglobal.com,,,Mumbai,,Temporary Staffing,"Unified Superadmin Console for multi-database CRM tracking, candidate visibility, and automated reporting","Centralized Candidate, Attendance, and Client Management System"
Steadfast Medishield,https://www.steadfastmedishield.com,,,Delhi,,Healthcare Staffing,"Unified Superadmin Console for multi-database CRM tracking, candidate visibility, and automated reporting","Centralized Candidate, Attendance, and Client Management System"
Supreme Consultants,https://www.supremeconsultants.in,,,Chennai,,Recruitment Services,"Unified Superadmin Console for multi-database CRM tracking, candidate visibility, and automated reporting","Centralized Candidate, Attendance, and Client Management System"
Talent Leads HR Solutions,https://www.talenthrsolutions.com,,+1-808-354-0498,Bangalore,,Leadership Hiring,"Unified Superadmin Console for multi-database CRM tracking, candidate visibility, and automated reporting","Centralized Candidate, Attendance, and Client Management System"
TalentMint Consulting,https://www.talentmint.in,,,Pune,,Recruitment Consultancy,"Unified Superadmin Console for multi-database CRM tracking, candidate visibility, and automated reporting","Centralized Candidate, Attendance, and Client Management System"
TeamPlus Staffing,https://www.teamplusindia.in,,+918087606363,Chennai,,Staffing Services,"Unified Superadmin Console for multi-database CRM tracking, candidate visibility, and automated reporting","Centralized Candidate, Attendance, and Client Management System"
Techs to Suit,https://www.techstosuit.com,,,Hyderabad,,IT Recruitment,"Unified Superadmin Console for multi-database CRM tracking, candidate visibility, and automated reporting","Centralized Candidate, Attendance, and Client Management System"
The Search House,https://www.thesearchhouse.com,,,Gurgaon,,Executive Search,"Unified Superadmin Console for multi-database CRM tracking, candidate visibility, and automated reporting","Centralized Candidate, Attendance, and Client Management System"
Think People Solutions,https://www.thinkpeople.in,,,Mumbai,,HR Consulting,"Unified Superadmin Console for multi-database CRM tracking, candidate visibility, and automated reporting","Centralized Candidate, Attendance, and Client Management System"
V5 Global Services,https://www.v5global.com,,9876543210,Gurgaon,,Workforce Solutions,"Unified Superadmin Console for multi-database CRM tracking, candidate visibility, and automated reporting","Centralized Candidate, Attendance, and Client Management System"
ValueSearch India,https://www.valuesearch.in,,,Mumbai,,Executive Hiring,"Unified Superadmin Console for multi-database CRM tracking, candidate visibility, and automated reporting","Centralized Candidate, Attendance, and Client Management System"
Varda HR LLP,https://www.vardahr.com,,,Ahmedabad,,Recruitment Agency,"Unified Superadmin Console for multi-database CRM tracking, candidate visibility, and automated reporting","Centralized Candidate, Attendance, and Client Management System"
Vito India Advisors,https://www.vitoindia.com,,,Mumbai,,Leadership Search,"Unified Superadmin Console for multi-database CRM tracking, candidate visibility, and automated reporting","Centralized Candidate, Attendance, and Client Management System"
Webrocks HR Services,https://www.webrockshr.com,,,Pune,,IT Staffing,"Unified Superadmin Console for multi-database CRM tracking, candidate visibility, and automated reporting","Centralized Candidate, Attendance, and Client Management System"
White Horse Manpower,https://www.whitehorsemanpower.com,,,Bangalore,,Technical Recruitment,"Unified Superadmin Console for multi-database CRM tracking, candidate visibility, and automated reporting","Centralized Candidate, Attendance, and Client Management System"
Wisdom Jobs,https://www.wisdomjobs.com,,,Hyderabad,,Recruitment Platform,"Unified Superadmin Console for multi-database CRM tracking, candidate visibility, and automated reporting","Centralized Candidate, Attendance, and Client Management System"
Workmates Core2Cloud,https://www.workmates.in,,,Delhi,,Staffing & Payroll,"Unified Superadmin Console for multi-database CRM tracking, candidate visibility, and automated reporting","Centralized Candidate, Attendance, and Client Management System"
Xemplar Insights,https://www.xemplarinsights.com,,,Bangalore,,Recruitment Analytics,"Unified Superadmin Console for multi-database CRM tracking, candidate visibility, and automated reporting","Centralized Candidate, Attendance, and Client Management System"
Yors HR Services,https://www.yorshr.com,,+91 9822332188,Mumbai,,Staffing Solutions,"Unified Superadmin Console for multi-database CRM tracking, candidate visibility, and automated reporting","Centralized Candidate, Attendance, and Client Management System"
Zen HR Solutions,https://www.zenhrsolutions.com,,96265777500,Chennai,,HR Consultancy,"Unified Superadmin Console for multi-database CRM tracking, candidate visibility, and automated reporting","Centralized Candidate, Attendance, and Client Management System"
Zetta Careers,https://www.zettacareers.com,,,Delhi,,Recruitment Services,"Unified Superadmin Console for multi-database CRM tracking, candidate visibility, and automated reporting","Centralized Candidate, Attendance, and Client Management System"
Zigsaw Consultancy,https://www.zigsaw.in,,,Udaipur,,Remote Hiring,"Unified Superadmin Console for multi-database CRM tracking, candidate visibility, and automated reporting","Centralized Candidate, Attendance, and Client Management System"
Ziolite Solutions,https://www.ziolite.com,,0731-4041698,Hyderabad,,IT Staffing,"Unified Superadmin Console for multi-database CRM tracking, candidate visibility, and automated reporting","Centralized Candidate, Attendance, and Client Management System"
